iata_code,airport_name,city_name
PEK,北京首都国际机场,北京
PKX,北京大兴国际机场,北京
SHA,上海虹桥国际机场,上海
PVG,上海浦东国际机场,上海
CAN,广州白云国际机场,广州
SZX,深圳宝安国际机场,深圳
CTU,成都双流国际机场,成都
TFU,成都天府国际机场,成都
CKG,重庆江北国际机场,重庆
XIY,西安咸阳国际机场,西安
HGH,杭州萧山国际机场,杭州
NKG,南京禄口国际机场,南京
WUH,武汉天河国际机场,武汉
CSX,长沙黄花国际机场,长沙
KMG,昆明长水国际机场,昆明
XMN,厦门高崎国际机场,厦门
TAO,青岛胶东国际机场,青岛
DLC,大连周水子国际机场,大连
SHE,沈阳桃仙国际机场,沈阳
HRB,哈尔滨太平国际机场,哈尔滨
TSN,天津滨海国际机场,天津
CGO,郑州新郑国际机场,郑州
TNA,济南遥墙国际机场,济南
FOC,福州长乐国际机场,福州
HAK,海口美兰国际机场,海口
SYX,三亚凤凰国际机场,三亚
URC,乌鲁木齐地窝堡国际机场,乌鲁木齐
LXA,拉萨贡嘎国际机场,拉萨
HET,呼和浩特白塔国际机场,呼和浩特
KHN,南昌昌北国际机场,南昌
NGB,宁波栎社国际机场,宁波
WNZ,温州龙湾国际机场,温州
KWE,贵阳龙洞堡国际机场,贵阳
NNG,南宁吴圩国际机场,南宁
TYN,太原武宿国际机场,太原
LHW,兰州中川国际机场,兰州
INC,银川河东国际机场,银川
XNN,西宁曹家堡国际机场,西宁
ZUH,珠海金湾机场,珠海
HUZ,惠州平潭机场,惠州
WUX,苏南硕放国际机场,无锡
CZX,常州奔牛国际机场,常州
NTG,南通兴东国际机场,南通
YTY,扬州泰州国际机场,扬州
HIA,淮安涟水国际机场,淮安
XUZ,徐州观音国际机场,徐州
JJN,泉州晋江国际机场,泉州
YNT,烟台蓬莱国际机场,烟台
WEH,威海大水泊国际机场,威海
HFE,合肥新桥国际机场,合肥
LYA,洛阳北郊机场,洛阳
KWL,桂林两江国际机场,桂林
AAT,阿勒泰机场,克拉玛依
AKA,安康富强机场,安康
AKU,阿克苏红旗坡机场,乌鲁木齐
AQG,安庆天柱山机场,安庆
BAV,包头东河机场,包头
BHY,北海福成机场,北海
BZX,巴中恩阳机场,巴中
CGQ,长春龙嘉机场,长春
CIF,赤峰玉龙机场,赤峰
DCY,稻城亚丁机场,成都
DDG,丹东浪头机场,丹东
DQA,大庆萨尔图机场,大庆
DTU,五大连池德都机场,黑河
DYG,张家界荷花机场,张家界
ENH,恩施许家坪机场,宜昌
ENY,延安南泥湾机场,延安
FYJ,抚远东极机场,佳木斯
GXH,甘南夏河机场,兰州
GZG,甘孜康定机场,成都
HKG,香港国际机场,香港
HSC,韶关机场,韶关
HSN,舟山普陀山机场,舟山
JGD,加格达奇机场,黑河
JHG,西双版纳嘎洒机场,普洱
JNH,嘉兴南湖机场,嘉兴
KCA,库车龟兹机场,乌鲁木齐
KHG,喀什徕宁机场,乌鲁木齐
LIJ,丽水机场,丽水
LJG,丽江三义机场,丽江
LUM,德宏芒市机场,保山
LYG,连云港花果山机场,连云港
LZH,柳州白莲机场,柳州
LZY,林芝米林机场,林芝
MFM,澳门国际机场,澳门
NZL,扎兰屯成吉思汗机场,呼伦贝尔
QSZ,且末玉都机场,乌鲁木齐
SHS,荆州沙市机场,荆州
SJW,石家庄正定机场,石家庄
SWA,揭阳潮汕机场,揭阳
TLQ,吐鲁番交河机场,吐鲁番
TPE,台北桃园机场,台北
TWC,塔城千泉机场,克拉玛依
UYN,榆林榆阳机场,榆林
XFN,襄阳刘集机场,襄阳
XIC,西昌青山机场,攀枝花
YBP,宜宾五粮液机场,宜宾
YCU,运城张孝机场,运城
YIH,宜昌三峡机场,宜昌
YIN,伊宁机场,乌鲁木齐
YIW,义乌机场,金华
YKH,营口兰旗机场,营口
YNZ,盐城南洋机场,盐城
ZHA,湛江吴川机场,湛江
ZHY,中卫沙坡头机场,中卫
ZYI,遵义新舟机场,遵义
LDS,伊春林都机场,伊春
DLU,大理凤仪机场,保山
GYS,广元盘龙机场,广元
HEK,黑河瑷珲机场,黑河
JIC,金昌金川机场,金昌
AHJ,阿坝红原机场,成都
BAR,琼海博鳌国际机场,海口
BPX,昌都邦达机场,昌都
CDE,承德普宁机场,承德
CGD,常德桃花源机场,常德
CIH,长治王村机场,长治
DNH,敦煌莫高国际机场,酒泉
DOY,东营胜利机场,东营
DSN,鄂尔多斯伊金霍洛国际机场,鄂尔多斯
FUG,阜阳机场,阜阳
GOQ,格尔木机场,西宁
HDG,邯郸机场,邯郸
HLD,呼伦贝尔海拉尔国际机场,呼伦贝尔
HLH,乌兰浩特义勒力特机场,通辽
HMI,哈密伊州机场,哈密
HNY,衡阳南岳机场,衡阳
HTN,和田昆冈机场,乌鲁木齐
HYN,台州路桥机场,台州
HZG,汉中城固机场,汉中
JDZ,景德镇罗家机场,景德镇
JGN,嘉峪关酒泉机场,嘉峪关
JGS,吉安井冈山机场,吉安
JMU,佳木斯松江国际机场,佳木斯
JNG,济宁大安机场,济宁
JSJ,建三江湿地机场,佳木斯
JUH,池州九华山机场,池州
JUZ,衢州机场,衢州
KOW,赣州黄金机场,赣州
KRL,库尔勒梨城机场,乌鲁木齐
KRY,克拉玛依古海机场,克拉玛依
LFQ,临汾尧都机场,临汾
LGZ,山南隆子机场,山南
LLV,吕梁大武机场,吕梁
LNL,陇南成县机场,陇南
LYI,临沂启阳国际机场,临沂
LZO,泸州云龙机场,泸州
MIG,绵阳南郊机场,绵阳
MXZ,梅州梅县机场,梅州
NAO,南充高坪机场,南充
NDG,齐齐哈尔三家子机场,齐齐哈尔
NGQ,阿里昆莎机场,日喀则
NNY,南阳姜营机场,南阳
OHE,漠河古莲机场,黑河
PZI,攀枝花保安营机场,攀枝花
RKZ,日喀则和平机场,日喀则
RLK,巴彦淖尔天吉泰机场,巴彦淖尔
SHF,石河子花园机场,乌鲁木齐
SQD,上饶三清山机场,上饶
SQJ,三明沙县机场,三明
SYM,普洱思茅机场,普洱
TCZ,腾冲驼峰机场,保山
TEN,铜仁凤凰机场,铜仁
TGO,通辽机场,通辽
TNH,通化三源浦机场,通化
WDS,十堰武当山机场,十堰
WEF,潍坊机场,潍坊
WGN,邵阳武冈机场,邵阳
WMT,遵义茅台机场,遵义
WUA,乌海机场,乌海
WUS,武夷山机场,南平
XIL,锡林浩特机场,乌兰察布
YIC,宜春明月山机场,宜春
YNJ,延吉朝阳川国际机场,吉林
YSQ,松原查干湖机场,松原
YTW,于田万方机场,乌鲁木齐
YUS,玉树巴塘机场,西宁
YZY,张掖甘州机场,张掖
ZQZ,张家口宁远机场,张家口
